{
  "Intercept (bias)": -0.8805009872316454,
  "features": {
    "Age": 0.8584901792098094,
    "Gender": 0.9604709099300048,
    "BMI": 0.7553769749353116,
    "Smoking": 0.8040743631016011,
    "GeneticRisk": 0.97766359182405,
    "PhysicalActivity": -0.6234025675419929,
    "AlcoholIntake": 0.8667137621807512,
    "CancerHistory": 1.4403398812895258
  }
}